x-axis,1
second,Volt
-2.498620E+00,+36.690955E+00
-2.496120E+00,+36.690955E+00
-2.493620E+00,+36.047739E+00
-2.491120E+00,+36.690955E+00
-2.488620E+00,+36.208543E+00
-2.486120E+00,+37.334171E+00
-2.483620E+00,+36.047739E+00
-2.481120E+00,+36.208543E+00
-2.478620E+00,+36.047739E+00
-2.476120E+00,+36.047739E+00
-2.473620E+00,+36.530151E+00
-2.471120E+00,+36.047739E+00
-2.468620E+00,+36.047739E+00
-2.466120E+00,+36.047739E+00
-2.463620E+00,+36.530151E+00
-2.461120E+00,+36.047739E+00
-2.458620E+00,+36.690955E+00
-2.456120E+00,+36.047739E+00
-2.453620E+00,+36.047739E+00
-2.451120E+00,+36.047739E+00
-2.448620E+00,+36.047739E+00
-2.446120E+00,+36.530151E+00
-2.443620E+00,+36.047739E+00
-2.441120E+00,+36.047739E+00
-2.438620E+00,+36.690955E+00
-2.436120E+00,+36.047739E+00
-2.433620E+00,+36.208543E+00
-2.431120E+00,+36.690955E+00
-2.428620E+00,+36.690955E+00
-2.426120E+00,+36.047739E+00
-2.423620E+00,+36.851759E+00
-2.421120E+00,+36.047739E+00
-2.418620E+00,+36.047739E+00
-2.416120E+00,+36.047739E+00
-2.413620E+00,+36.047739E+00
-2.411120E+00,+36.047739E+00
-2.408620E+00,+36.208543E+00
-2.406120E+00,+36.047739E+00
-2.403620E+00,+36.047739E+00
-2.401120E+00,+36.047739E+00
-2.398620E+00,+36.047739E+00
-2.396120E+00,+35.886935E+00
-2.393620E+00,+36.690955E+00
-2.391120E+00,+36.047739E+00
-2.388620E+00,+36.208543E+00
-2.386120E+00,+36.047739E+00
-2.383620E+00,+36.208543E+00
-2.381120E+00,+36.047739E+00
-2.378620E+00,+36.047739E+00
-2.376120E+00,+36.690955E+00
-2.373620E+00,+36.208543E+00
-2.371120E+00,+36.208543E+00
-2.368620E+00,+35.886935E+00
-2.366120E+00,+35.404523E+00
-2.363620E+00,+36.047739E+00
-2.361120E+00,+36.208543E+00
-2.358620E+00,+36.208543E+00
-2.356120E+00,+36.047739E+00
-2.353620E+00,+36.208543E+00
-2.351120E+00,+36.208543E+00
-2.348620E+00,+36.690955E+00
-2.346120E+00,+36.047739E+00
-2.343620E+00,+36.690955E+00
-2.341120E+00,+36.851759E+00
-2.338620E+00,+36.047739E+00
-2.336120E+00,+36.047739E+00
-2.333620E+00,+36.690955E+00
-2.331120E+00,+36.208543E+00
-2.328620E+00,+36.690955E+00
-2.326120E+00,+36.047739E+00
-2.323620E+00,+36.047739E+00
-2.321120E+00,+36.208543E+00
-2.318620E+00,+36.208543E+00
-2.316120E+00,+36.047739E+00
-2.313620E+00,+36.690955E+00
-2.311120E+00,+36.208543E+00
-2.308620E+00,+36.047739E+00
-2.306120E+00,+36.047739E+00
-2.303620E+00,+36.047739E+00
-2.301120E+00,+36.047739E+00
-2.298620E+00,+35.886935E+00
-2.296120E+00,+36.047739E+00
-2.293620E+00,+36.047739E+00
-2.291120E+00,+36.208543E+00
-2.288620E+00,+36.047739E+00
-2.286120E+00,+36.208543E+00
-2.283620E+00,+35.404523E+00
-2.281120E+00,+36.047739E+00
-2.278620E+00,+36.208543E+00
-2.276120E+00,+36.851759E+00
-2.273620E+00,+36.690955E+00
-2.271120E+00,+36.208543E+00
-2.268620E+00,+36.208543E+00
-2.266120E+00,+36.208543E+00
-2.263620E+00,+36.047739E+00
-2.261120E+00,+36.047739E+00
-2.258620E+00,+36.690955E+00
-2.256120E+00,+36.047739E+00
-2.253620E+00,+36.851759E+00
-2.251120E+00,+36.369347E+00
-2.248620E+00,+36.851759E+00
-2.246120E+00,+36.851759E+00
-2.243620E+00,+37.012563E+00
-2.241120E+00,+37.655779E+00
-2.238620E+00,+37.012563E+00
-2.236120E+00,+37.012563E+00
-2.233620E+00,+37.655779E+00
-2.231120E+00,+37.494975E+00
-2.228620E+00,+37.494975E+00
-2.226120E+00,+36.690955E+00
-2.223620E+00,+36.851759E+00
-2.221120E+00,+36.851759E+00
-2.218620E+00,+36.208543E+00
-2.216120E+00,+37.655779E+00
-2.213620E+00,+36.851759E+00
-2.211120E+00,+36.851759E+00
-2.208620E+00,+37.494975E+00
-2.206120E+00,+36.851759E+00
-2.203620E+00,+36.369347E+00
-2.201120E+00,+37.494975E+00
-2.198620E+00,+36.208543E+00
-2.196120E+00,+36.851759E+00
-2.193620E+00,+38.298995E+00
-2.191120E+00,+37.012563E+00
-2.188620E+00,+37.012563E+00
-2.186120E+00,+37.494975E+00
-2.183620E+00,+37.012563E+00
-2.181120E+00,+37.816583E+00
-2.178620E+00,+38.459799E+00
-2.176120E+00,+38.459799E+00
-2.173620E+00,+38.942211E+00
-2.171120E+00,+39.907035E+00
-2.168620E+00,+39.103015E+00
-2.166120E+00,+38.620603E+00
-2.163620E+00,+38.459799E+00
-2.161120E+00,+39.263819E+00
-2.158620E+00,+39.907035E+00
-2.156120E+00,+39.424623E+00
-2.153620E+00,+40.067839E+00
-2.151120E+00,+39.263819E+00
-2.148620E+00,+40.067839E+00
-2.146120E+00,+40.067839E+00
-2.143620E+00,+40.067839E+00
-2.141120E+00,+40.067839E+00
-2.138620E+00,+40.871859E+00
-2.136120E+00,+40.711055E+00
-2.133620E+00,+41.032663E+00
-2.131120E+00,+40.871859E+00
-2.128620E+00,+40.067839E+00
-2.126120E+00,+41.515075E+00
-2.123620E+00,+40.228643E+00
-2.121120E+00,+41.515075E+00
-2.118620E+00,+40.871859E+00
-2.116120E+00,+40.711055E+00
-2.113620E+00,+40.067839E+00
-2.111120E+00,+40.067839E+00
-2.108620E+00,+40.067839E+00
-2.106120E+00,+40.067839E+00
-2.103620E+00,+40.067839E+00
-2.101120E+00,+40.067839E+00
-2.098620E+00,+39.907035E+00
-2.096120E+00,+39.263819E+00
-2.093620E+00,+39.263819E+00
-2.091120E+00,+39.263819E+00
-2.088620E+00,+39.263819E+00
-2.086120E+00,+39.263819E+00
-2.083620E+00,+39.103015E+00
-2.081120E+00,+39.263819E+00
-2.078620E+00,+39.103015E+00
-2.076120E+00,+38.459799E+00
-2.073620E+00,+38.459799E+00
-2.071120E+00,+38.298995E+00
-2.068620E+00,+37.655779E+00
-2.066120E+00,+37.655779E+00
-2.063620E+00,+38.298995E+00
-2.061120E+00,+37.655779E+00
-2.058620E+00,+37.655779E+00
-2.056120E+00,+37.494975E+00
-2.053620E+00,+37.012563E+00
-2.051120E+00,+37.494975E+00
-2.048620E+00,+37.494975E+00
-2.046120E+00,+36.851759E+00
-2.043620E+00,+36.369347E+00
-2.041120E+00,+36.851759E+00
-2.038620E+00,+37.494975E+00
-2.036120E+00,+37.655779E+00
-2.033620E+00,+36.851759E+00
-2.031120E+00,+36.851759E+00
-2.028620E+00,+37.494975E+00
-2.026120E+00,+37.012563E+00
-2.023620E+00,+37.655779E+00
-2.021120E+00,+37.012563E+00
-2.018620E+00,+37.655779E+00
-2.016120E+00,+38.298995E+00
-2.013620E+00,+37.655779E+00
-2.011120E+00,+37.494975E+00
-2.008620E+00,+37.655779E+00
-2.006120E+00,+37.494975E+00
-2.003620E+00,+37.494975E+00
-2.001120E+00,+37.816583E+00
-1.998620E+00,+37.655779E+00
-1.996120E+00,+37.655779E+00
-1.993620E+00,+37.655779E+00
-1.991120E+00,+38.298995E+00
-1.988620E+00,+37.655779E+00
-1.986120E+00,+37.655779E+00
-1.983620E+00,+37.655779E+00
-1.981120E+00,+37.655779E+00
-1.978620E+00,+37.655779E+00
-1.976120E+00,+37.655779E+00
-1.973620E+00,+37.655779E+00
-1.971120E+00,+37.655779E+00
-1.968620E+00,+37.655779E+00
-1.966120E+00,+36.851759E+00
-1.963620E+00,+37.012563E+00
-1.961120E+00,+37.012563E+00
-1.958620E+00,+37.655779E+00
-1.956120E+00,+37.655779E+00
-1.953620E+00,+37.655779E+00
-1.951120E+00,+37.655779E+00
-1.948620E+00,+37.012563E+00
-1.946120E+00,+36.851759E+00
-1.943620E+00,+36.851759E+00
-1.941120E+00,+36.208543E+00
-1.938620E+00,+36.047739E+00
-1.936120E+00,+35.886935E+00
-1.933620E+00,+35.243719E+00
-1.931120E+00,+35.243719E+00
-1.928620E+00,+35.243719E+00
-1.926120E+00,+34.439698E+00
-1.923620E+00,+35.886935E+00
-1.921120E+00,+35.243719E+00
-1.918620E+00,+35.404523E+00
-1.916120E+00,+36.208543E+00
-1.913620E+00,+37.494975E+00
-1.911120E+00,+37.494975E+00
-1.908620E+00,+39.103015E+00
-1.906120E+00,+39.263819E+00
-1.903620E+00,+40.871859E+00
-1.901120E+00,+42.479899E+00
-1.898620E+00,+43.283920E+00
-1.896120E+00,+44.087940E+00
-1.893620E+00,+45.695980E+00
-1.891120E+00,+46.500000E+00
-1.888620E+00,+48.912060E+00
-1.886120E+00,+50.037688E+00
-1.883620E+00,+52.128141E+00
-1.881120E+00,+53.736181E+00
-1.878620E+00,+54.701005E+00
-1.876120E+00,+56.148241E+00
-1.873620E+00,+56.952261E+00
-1.871120E+00,+58.399498E+00
-1.868620E+00,+58.399498E+00
-1.866120E+00,+58.560302E+00
-1.863620E+00,+58.399498E+00
-1.861120E+00,+57.756281E+00
-1.858620E+00,+56.952261E+00
-1.856120E+00,+55.987437E+00
-1.853620E+00,+54.701005E+00
-1.851120E+00,+53.736181E+00
-1.848620E+00,+51.484925E+00
-1.846120E+00,+49.716080E+00
-1.843620E+00,+48.108040E+00
-1.841120E+00,+46.500000E+00
-1.838620E+00,+44.087940E+00
-1.836120E+00,+43.283920E+00
-1.833620E+00,+40.871859E+00
-1.831120E+00,+39.263819E+00
-1.828620E+00,+37.816583E+00
-1.826120E+00,+36.208543E+00
-1.823620E+00,+35.404523E+00
-1.821120E+00,+33.635678E+00
-1.818620E+00,+32.831658E+00
-1.816120E+00,+32.027638E+00
-1.813620E+00,+30.419598E+00
-1.811120E+00,+30.580402E+00
-1.808620E+00,+30.258794E+00
-1.806120E+00,+28.811558E+00
-1.803620E+00,+28.972362E+00
-1.801120E+00,+29.615578E+00
-1.798620E+00,+31.062814E+00
-1.796120E+00,+32.027638E+00
-1.793620E+00,+32.188442E+00
-1.791120E+00,+32.992462E+00
-1.788620E+00,+33.635678E+00
-1.786120E+00,+35.243719E+00
-1.783620E+00,+35.243719E+00
-1.781120E+00,+35.404523E+00
-1.778620E+00,+35.404523E+00
-1.776120E+00,+36.851759E+00
-1.773620E+00,+37.494975E+00
-1.771120E+00,+37.655779E+00
-1.768620E+00,+37.494975E+00
-1.766120E+00,+37.494975E+00
-1.763620E+00,+37.334171E+00
-1.761120E+00,+37.816583E+00
-1.758620E+00,+37.012563E+00
-1.756120E+00,+37.816583E+00
-1.753620E+00,+37.655779E+00
-1.751120E+00,+36.851759E+00
-1.748620E+00,+37.494975E+00
-1.746120E+00,+37.494975E+00
-1.743620E+00,+37.655779E+00
-1.741120E+00,+37.494975E+00
-1.738620E+00,+37.655779E+00
-1.736120E+00,+37.494975E+00
-1.733620E+00,+37.655779E+00
-1.731120E+00,+37.173367E+00
-1.728620E+00,+37.012563E+00
-1.726120E+00,+37.655779E+00
-1.723620E+00,+37.655779E+00
-1.721120E+00,+37.012563E+00
-1.718620E+00,+38.298995E+00
-1.716120E+00,+37.012563E+00
-1.713620E+00,+37.655779E+00
-1.711120E+00,+37.816583E+00
-1.708620E+00,+37.655779E+00
-1.706120E+00,+37.655779E+00
-1.703620E+00,+37.655779E+00
-1.701120E+00,+37.655779E+00
-1.698620E+00,+37.173367E+00
-1.696120E+00,+37.655779E+00
-1.693620E+00,+37.655779E+00
-1.691120E+00,+37.655779E+00
-1.688620E+00,+37.655779E+00
-1.686120E+00,+36.851759E+00
-1.683620E+00,+37.655779E+00
-1.681120E+00,+37.655779E+00
-1.678620E+00,+37.012563E+00
-1.676120E+00,+37.655779E+00
-1.673620E+00,+37.012563E+00
-1.671120E+00,+37.655779E+00
-1.668620E+00,+37.494975E+00
-1.666120E+00,+37.012563E+00
-1.663620E+00,+37.655779E+00
-1.661120E+00,+37.655779E+00
-1.658620E+00,+37.494975E+00
-1.656120E+00,+37.655779E+00
-1.653620E+00,+38.298995E+00
-1.651120E+00,+38.298995E+00
-1.648620E+00,+37.655779E+00
-1.646120E+00,+37.655779E+00
-1.643620E+00,+37.494975E+00
-1.641120E+00,+37.655779E+00
-1.638620E+00,+37.012563E+00
-1.636120E+00,+38.298995E+00
-1.633620E+00,+37.655779E+00
-1.631120E+00,+37.655779E+00
-1.628620E+00,+37.494975E+00
-1.626120E+00,+38.138191E+00
-1.623620E+00,+37.012563E+00
-1.621120E+00,+36.851759E+00
-1.618620E+00,+37.012563E+00
-1.616120E+00,+36.369347E+00
-1.613620E+00,+37.655779E+00
-1.611120E+00,+36.690955E+00
-1.608620E+00,+36.851759E+00
-1.606120E+00,+37.494975E+00
-1.603620E+00,+37.012563E+00
-1.601120E+00,+36.208543E+00
-1.598620E+00,+36.851759E+00
-1.596120E+00,+36.851759E+00
-1.593620E+00,+36.851759E+00
-1.591120E+00,+36.851759E+00
-1.588620E+00,+36.851759E+00
-1.586120E+00,+36.851759E+00
-1.583620E+00,+36.851759E+00
-1.581120E+00,+37.012563E+00
-1.578620E+00,+37.012563E+00
-1.576120E+00,+37.012563E+00
-1.573620E+00,+36.851759E+00
-1.571120E+00,+36.851759E+00
-1.568620E+00,+36.851759E+00
-1.566120E+00,+37.655779E+00
-1.563620E+00,+37.655779E+00
-1.561120E+00,+37.655779E+00
-1.558620E+00,+37.494975E+00
-1.556120E+00,+37.655779E+00
-1.553620E+00,+37.816583E+00
-1.551120E+00,+37.655779E+00
-1.548620E+00,+37.655779E+00
-1.546120E+00,+37.655779E+00
-1.543620E+00,+37.655779E+00
-1.541120E+00,+37.655779E+00
-1.538620E+00,+38.298995E+00
-1.536120E+00,+37.655779E+00
-1.533620E+00,+38.942211E+00
-1.531120E+00,+38.298995E+00
-1.528620E+00,+37.816583E+00
-1.526120E+00,+38.459799E+00
-1.523620E+00,+38.459799E+00
-1.521120E+00,+38.298995E+00
-1.518620E+00,+38.298995E+00
-1.516120E+00,+38.459799E+00
-1.513620E+00,+38.459799E+00
-1.511120E+00,+39.103015E+00
-1.508620E+00,+39.263819E+00
-1.506120E+00,+39.263819E+00
-1.503620E+00,+39.263819E+00
-1.501120E+00,+39.907035E+00
-1.498620E+00,+38.620603E+00
-1.496120E+00,+39.263819E+00
-1.493620E+00,+38.459799E+00
-1.491120E+00,+39.103015E+00
-1.488620E+00,+39.263819E+00
-1.486120E+00,+39.263819E+00
-1.483620E+00,+39.907035E+00
-1.481120E+00,+39.424623E+00
-1.478620E+00,+40.067839E+00
-1.476120E+00,+40.067839E+00
-1.473620E+00,+39.424623E+00
-1.471120E+00,+39.907035E+00
-1.468620E+00,+40.067839E+00
-1.466120E+00,+40.228643E+00
-1.463620E+00,+40.871859E+00
-1.461120E+00,+41.032663E+00
-1.458620E+00,+40.871859E+00
-1.456120E+00,+41.032663E+00
-1.453620E+00,+40.871859E+00
-1.451120E+00,+40.871859E+00
-1.448620E+00,+40.711055E+00
-1.446120E+00,+41.032663E+00
-1.443620E+00,+41.515075E+00
-1.441120E+00,+40.871859E+00
-1.438620E+00,+40.871859E+00
-1.436120E+00,+41.515075E+00
-1.433620E+00,+41.675879E+00
-1.431120E+00,+41.836683E+00
-1.428620E+00,+41.675879E+00
-1.426120E+00,+41.675879E+00
-1.423620E+00,+42.479899E+00
-1.421120E+00,+42.319095E+00
-1.418620E+00,+42.479899E+00
-1.416120E+00,+43.123116E+00
-1.413620E+00,+43.766332E+00
-1.411120E+00,+42.640703E+00
-1.408620E+00,+42.479899E+00
-1.406120E+00,+41.836683E+00
-1.403620E+00,+42.479899E+00
-1.401120E+00,+42.479899E+00
-1.398620E+00,+42.479899E+00
-1.396120E+00,+43.283920E+00
-1.393620E+00,+43.444724E+00
-1.391120E+00,+44.087940E+00
-1.388620E+00,+44.087940E+00
-1.386120E+00,+43.444724E+00
-1.383620E+00,+43.444724E+00
-1.381120E+00,+43.927136E+00
-1.378620E+00,+43.927136E+00
-1.376120E+00,+44.087940E+00
-1.373620E+00,+43.766332E+00
-1.371120E+00,+43.444724E+00
-1.368620E+00,+43.927136E+00
-1.366120E+00,+43.283920E+00
-1.363620E+00,+43.444724E+00
-1.361120E+00,+44.087940E+00
-1.358620E+00,+43.283920E+00
-1.356120E+00,+43.283920E+00
-1.353620E+00,+42.640703E+00
-1.351120E+00,+43.283920E+00
-1.348620E+00,+43.283920E+00
-1.346120E+00,+43.283920E+00
-1.343620E+00,+43.444724E+00
-1.341120E+00,+43.283920E+00
-1.338620E+00,+43.283920E+00
-1.336120E+00,+43.283920E+00
-1.333620E+00,+43.283920E+00
-1.331120E+00,+43.283920E+00
-1.328620E+00,+42.479899E+00
-1.326120E+00,+43.283920E+00
-1.323620E+00,+42.640703E+00
-1.321120E+00,+43.283920E+00
-1.318620E+00,+42.640703E+00
-1.316120E+00,+43.283920E+00
-1.313620E+00,+43.283920E+00
-1.311120E+00,+43.123116E+00
-1.308620E+00,+42.962312E+00
-1.306120E+00,+42.319095E+00
-1.303620E+00,+41.836683E+00
-1.301120E+00,+41.675879E+00
-1.298620E+00,+42.319095E+00
-1.296120E+00,+41.675879E+00
-1.293620E+00,+41.675879E+00
-1.291120E+00,+41.515075E+00
-1.288620E+00,+40.871859E+00
-1.286120E+00,+41.515075E+00
-1.283620E+00,+41.515075E+00
-1.281120E+00,+40.871859E+00
-1.278620E+00,+40.067839E+00
-1.276120E+00,+40.067839E+00
-1.273620E+00,+40.067839E+00
-1.271120E+00,+40.067839E+00
-1.268620E+00,+39.263819E+00
-1.266120E+00,+39.907035E+00
-1.263620E+00,+39.424623E+00
-1.261120E+00,+39.263819E+00
-1.258620E+00,+39.263819E+00
-1.256120E+00,+39.263819E+00
-1.253620E+00,+39.263819E+00
-1.251120E+00,+38.620603E+00
-1.248620E+00,+39.263819E+00
-1.246120E+00,+39.263819E+00
-1.243620E+00,+39.263819E+00
-1.241120E+00,+39.103015E+00
-1.238620E+00,+39.103015E+00
-1.236120E+00,+38.459799E+00
-1.233620E+00,+37.816583E+00
-1.231120E+00,+38.459799E+00
-1.228620E+00,+37.816583E+00
-1.226120E+00,+37.816583E+00
-1.223620E+00,+38.298995E+00
-1.221120E+00,+37.655779E+00
-1.218620E+00,+37.655779E+00
-1.216120E+00,+37.977387E+00
-1.213620E+00,+37.655779E+00
-1.211120E+00,+37.012563E+00
-1.208620E+00,+37.655779E+00
-1.206120E+00,+37.494975E+00
-1.203620E+00,+36.851759E+00
-1.201120E+00,+36.851759E+00
-1.198620E+00,+36.851759E+00
-1.196120E+00,+36.851759E+00
-1.193620E+00,+36.690955E+00
-1.191120E+00,+37.012563E+00
-1.188620E+00,+36.851759E+00
-1.186120E+00,+36.851759E+00
-1.183620E+00,+37.494975E+00
-1.181120E+00,+37.494975E+00
-1.178620E+00,+37.494975E+00
-1.176120E+00,+37.494975E+00
-1.173620E+00,+36.208543E+00
-1.171120E+00,+36.851759E+00
-1.168620E+00,+37.012563E+00
-1.166120E+00,+37.012563E+00
-1.163620E+00,+36.851759E+00
-1.161120E+00,+37.494975E+00
-1.158620E+00,+36.047739E+00
-1.156120E+00,+36.690955E+00
-1.153620E+00,+36.208543E+00
-1.151120E+00,+36.851759E+00
-1.148620E+00,+36.690955E+00
-1.146120E+00,+36.851759E+00
-1.143620E+00,+36.851759E+00
-1.141120E+00,+36.851759E+00
-1.138620E+00,+37.655779E+00
-1.136120E+00,+36.851759E+00
-1.133620E+00,+37.655779E+00
-1.131120E+00,+37.012563E+00
-1.128620E+00,+37.012563E+00
-1.126120E+00,+37.655779E+00
-1.123620E+00,+37.012563E+00
-1.121120E+00,+36.851759E+00
-1.118620E+00,+37.494975E+00
-1.116120E+00,+36.851759E+00
-1.113620E+00,+37.655779E+00
-1.111120E+00,+37.012563E+00
-1.108620E+00,+37.494975E+00
-1.106120E+00,+37.012563E+00
-1.103620E+00,+38.138191E+00
-1.101120E+00,+36.851759E+00
-1.098620E+00,+37.012563E+00
-1.096120E+00,+37.173367E+00
-1.093620E+00,+36.851759E+00
-1.091120E+00,+37.655779E+00
-1.088620E+00,+37.494975E+00
-1.086120E+00,+36.851759E+00
-1.083620E+00,+37.655779E+00
-1.081120E+00,+37.012563E+00
-1.078620E+00,+37.494975E+00
-1.076120E+00,+37.494975E+00
-1.073620E+00,+37.655779E+00
-1.071120E+00,+37.655779E+00
-1.068620E+00,+38.298995E+00
-1.066120E+00,+37.012563E+00
-1.063620E+00,+37.012563E+00
-1.061120E+00,+37.494975E+00
-1.058620E+00,+36.851759E+00
-1.056120E+00,+36.369347E+00
-1.053620E+00,+36.690955E+00
-1.051120E+00,+36.530151E+00
-1.048620E+00,+36.208543E+00
-1.046120E+00,+37.012563E+00
-1.043620E+00,+36.851759E+00
-1.041120E+00,+37.494975E+00
-1.038620E+00,+37.012563E+00
-1.036120E+00,+36.851759E+00
-1.033620E+00,+36.851759E+00
-1.031120E+00,+36.851759E+00
-1.028620E+00,+37.494975E+00
-1.026120E+00,+37.012563E+00
-1.023620E+00,+36.851759E+00
-1.021120E+00,+36.851759E+00
-1.018620E+00,+37.494975E+00
-1.016120E+00,+37.012563E+00
-1.013620E+00,+37.012563E+00
-1.011120E+00,+37.012563E+00
-1.008620E+00,+36.851759E+00
-1.006120E+00,+37.334171E+00
-1.003620E+00,+37.494975E+00
-1.001120E+00,+36.851759E+00
-998.620E-03,+37.655779E+00
-996.120E-03,+37.494975E+00
-993.620E-03,+37.494975E+00
-991.120E-03,+36.851759E+00
-988.620E-03,+36.851759E+00
-986.120E-03,+36.851759E+00
-983.620E-03,+36.851759E+00
-981.120E-03,+36.851759E+00
-978.620E-03,+37.494975E+00
-976.120E-03,+36.851759E+00
-973.620E-03,+37.012563E+00
-971.120E-03,+36.851759E+00
-968.620E-03,+36.851759E+00
-966.120E-03,+36.851759E+00
-963.620E-03,+36.369347E+00
-961.120E-03,+36.690955E+00
-958.620E-03,+36.208543E+00
-956.120E-03,+37.655779E+00
-953.620E-03,+36.851759E+00
-951.120E-03,+36.851759E+00
-948.620E-03,+36.851759E+00
-946.120E-03,+36.851759E+00
-943.620E-03,+36.851759E+00
-941.120E-03,+36.851759E+00
-938.620E-03,+36.208543E+00
-936.120E-03,+36.851759E+00
-933.620E-03,+36.690955E+00
-931.120E-03,+36.851759E+00
-928.620E-03,+36.208543E+00
-926.120E-03,+36.851759E+00
-923.620E-03,+37.494975E+00
-921.120E-03,+36.851759E+00
-918.620E-03,+37.655779E+00
-916.120E-03,+37.655779E+00
-913.620E-03,+37.655779E+00
-911.120E-03,+37.655779E+00
-908.620E-03,+37.655779E+00
-906.120E-03,+38.138191E+00
-903.620E-03,+37.494975E+00
-901.120E-03,+37.655779E+00
-898.620E-03,+37.012563E+00
-896.120E-03,+37.655779E+00
-893.620E-03,+37.494975E+00
-891.120E-03,+37.655779E+00
-888.620E-03,+37.655779E+00
-886.120E-03,+38.298995E+00
-883.620E-03,+37.655779E+00
-881.120E-03,+37.655779E+00
-878.620E-03,+37.494975E+00
-876.120E-03,+38.459799E+00
-873.620E-03,+37.012563E+00
-871.120E-03,+37.655779E+00
-868.620E-03,+37.012563E+00
-866.120E-03,+37.494975E+00
-863.620E-03,+38.138191E+00
-861.120E-03,+37.494975E+00
-858.620E-03,+37.012563E+00
-856.120E-03,+37.494975E+00
-853.620E-03,+37.012563E+00
-851.120E-03,+37.655779E+00
-848.620E-03,+36.851759E+00
-846.120E-03,+37.655779E+00
-843.620E-03,+37.494975E+00
-841.120E-03,+37.494975E+00
-838.620E-03,+36.851759E+00
-836.120E-03,+37.494975E+00
-833.620E-03,+37.494975E+00
-831.120E-03,+36.690955E+00
-828.620E-03,+37.655779E+00
-826.120E-03,+37.494975E+00
-823.620E-03,+37.012563E+00
-821.120E-03,+37.655779E+00
-818.620E-03,+37.816583E+00
-816.120E-03,+37.655779E+00
-813.620E-03,+37.655779E+00
-811.120E-03,+37.655779E+00
-808.620E-03,+37.494975E+00
-806.120E-03,+37.012563E+00
-803.620E-03,+37.655779E+00
-801.120E-03,+37.012563E+00
-798.620E-03,+37.494975E+00
-796.120E-03,+37.494975E+00
-793.620E-03,+37.334171E+00
-791.120E-03,+37.012563E+00
-788.620E-03,+37.494975E+00
-786.120E-03,+37.012563E+00
-783.620E-03,+36.851759E+00
-781.120E-03,+36.690955E+00
-778.620E-03,+37.012563E+00
-776.120E-03,+36.851759E+00
-773.620E-03,+36.851759E+00
-771.120E-03,+36.690955E+00
-768.620E-03,+36.690955E+00
-766.120E-03,+36.851759E+00
-763.620E-03,+36.047739E+00
-761.120E-03,+36.851759E+00
-758.620E-03,+36.851759E+00
-756.120E-03,+36.690955E+00
-753.620E-03,+36.208543E+00
-751.120E-03,+37.494975E+00
-748.620E-03,+36.851759E+00
-746.120E-03,+36.208543E+00
-743.620E-03,+36.690955E+00
-741.120E-03,+36.208543E+00
-738.620E-03,+36.208543E+00
-736.120E-03,+36.047739E+00
-733.620E-03,+36.690955E+00
-731.120E-03,+36.047739E+00
-728.620E-03,+35.404523E+00
-726.120E-03,+35.886935E+00
-723.620E-03,+36.690955E+00
-721.120E-03,+36.047739E+00
-718.620E-03,+36.208543E+00
-716.120E-03,+36.690955E+00
-713.620E-03,+36.047739E+00
-711.120E-03,+36.047739E+00
-708.620E-03,+36.047739E+00
-706.120E-03,+36.047739E+00
-703.620E-03,+36.690955E+00
-701.120E-03,+36.690955E+00
-698.620E-03,+36.047739E+00
-696.120E-03,+36.208543E+00
-693.620E-03,+36.047739E+00
-691.120E-03,+36.208543E+00
-688.620E-03,+36.047739E+00
-686.120E-03,+36.047739E+00
-683.620E-03,+36.047739E+00
-681.120E-03,+36.047739E+00
-678.620E-03,+35.565327E+00
-676.120E-03,+36.047739E+00
-673.620E-03,+35.886935E+00
-671.120E-03,+36.047739E+00
-668.620E-03,+36.047739E+00
-666.120E-03,+36.047739E+00
-663.620E-03,+36.047739E+00
-661.120E-03,+36.047739E+00
-658.620E-03,+36.047739E+00
-656.120E-03,+36.047739E+00
-653.620E-03,+36.047739E+00
-651.120E-03,+36.047739E+00
-648.620E-03,+36.047739E+00
-646.120E-03,+36.851759E+00
-643.620E-03,+36.208543E+00
-641.120E-03,+36.047739E+00
-638.620E-03,+36.690955E+00
-636.120E-03,+36.851759E+00
-633.620E-03,+36.690955E+00
-631.120E-03,+36.690955E+00
-628.620E-03,+36.047739E+00
-626.120E-03,+36.851759E+00
-623.620E-03,+36.047739E+00
-621.120E-03,+36.851759E+00
-618.620E-03,+36.208543E+00
-616.120E-03,+36.208543E+00
-613.620E-03,+36.208543E+00
-611.120E-03,+35.886935E+00
-608.620E-03,+36.047739E+00
-606.120E-03,+36.047739E+00
-603.620E-03,+36.208543E+00
-601.120E-03,+35.404523E+00
-598.620E-03,+36.208543E+00
-596.120E-03,+36.047739E+00
-593.620E-03,+36.690955E+00
-591.120E-03,+36.690955E+00
-588.620E-03,+36.690955E+00
-586.120E-03,+36.047739E+00
-583.620E-03,+36.047739E+00
-581.120E-03,+36.208543E+00
-578.620E-03,+36.047739E+00
-576.120E-03,+35.565327E+00
-573.620E-03,+36.047739E+00
-571.120E-03,+36.208543E+00
-568.620E-03,+36.690955E+00
-566.120E-03,+36.208543E+00
-563.620E-03,+36.047739E+00
-561.120E-03,+36.047739E+00
-558.620E-03,+36.208543E+00
-556.120E-03,+35.565327E+00
-553.620E-03,+35.886935E+00
-551.120E-03,+36.208543E+00
-548.620E-03,+36.047739E+00
-546.120E-03,+36.208543E+00
-543.620E-03,+36.690955E+00
-541.120E-03,+36.047739E+00
-538.620E-03,+36.047739E+00
-536.120E-03,+36.047739E+00
-533.620E-03,+36.690955E+00
-531.120E-03,+36.047739E+00
-528.620E-03,+37.012563E+00
-526.120E-03,+36.690955E+00
-523.620E-03,+35.886935E+00
-521.120E-03,+36.047739E+00
-518.620E-03,+36.047739E+00
-516.120E-03,+36.530151E+00
-513.620E-03,+36.047739E+00
-511.120E-03,+36.690955E+00
-508.620E-03,+36.690955E+00
-506.120E-03,+36.851759E+00
-503.620E-03,+36.690955E+00
-501.120E-03,+36.047739E+00
-498.620E-03,+36.851759E+00
-496.120E-03,+36.851759E+00
-493.620E-03,+36.851759E+00
-491.120E-03,+37.494975E+00
-488.620E-03,+37.494975E+00
-486.120E-03,+37.655779E+00
-483.620E-03,+36.851759E+00
-481.120E-03,+37.012563E+00
-478.620E-03,+36.851759E+00
-476.120E-03,+36.369347E+00
-473.620E-03,+36.208543E+00
-471.120E-03,+37.012563E+00
-468.620E-03,+36.851759E+00
-466.120E-03,+36.851759E+00
-463.620E-03,+37.012563E+00
-461.120E-03,+36.851759E+00
-458.620E-03,+36.208543E+00
-456.120E-03,+36.851759E+00
-453.620E-03,+36.851759E+00
-451.120E-03,+36.851759E+00
-448.620E-03,+37.655779E+00
-446.120E-03,+37.655779E+00
-443.620E-03,+37.012563E+00
-441.120E-03,+37.816583E+00
-438.620E-03,+37.655779E+00
-436.120E-03,+37.655779E+00
-433.620E-03,+37.655779E+00
-431.120E-03,+38.459799E+00
-428.620E-03,+38.298995E+00
-426.120E-03,+39.103015E+00
-423.620E-03,+39.263819E+00
-421.120E-03,+39.424623E+00
-418.620E-03,+38.459799E+00
-416.120E-03,+38.620603E+00
-413.620E-03,+39.103015E+00
-411.120E-03,+39.263819E+00
-408.620E-03,+39.263819E+00
-406.120E-03,+39.424623E+00
-403.620E-03,+39.907035E+00
-401.120E-03,+40.711055E+00
-398.620E-03,+40.067839E+00
-396.120E-03,+40.067839E+00
-393.620E-03,+40.067839E+00
-391.120E-03,+39.585427E+00
-388.620E-03,+41.354271E+00
-386.120E-03,+40.871859E+00
-383.620E-03,+40.871859E+00
-381.120E-03,+40.871859E+00
-378.620E-03,+40.871859E+00
-376.120E-03,+40.871859E+00
-373.620E-03,+40.871859E+00
-371.120E-03,+40.871859E+00
-368.620E-03,+40.871859E+00
-366.120E-03,+40.871859E+00
-363.620E-03,+40.228643E+00
-361.120E-03,+40.711055E+00
-358.620E-03,+40.067839E+00
-356.120E-03,+40.067839E+00
-353.620E-03,+40.067839E+00
-351.120E-03,+40.067839E+00
-348.620E-03,+39.907035E+00
-346.120E-03,+39.263819E+00
-343.620E-03,+39.263819E+00
-341.120E-03,+38.620603E+00
-338.620E-03,+39.263819E+00
-336.120E-03,+39.263819E+00
-333.620E-03,+39.263819E+00
-331.120E-03,+38.620603E+00
-328.620E-03,+38.298995E+00
-326.120E-03,+38.459799E+00
-323.620E-03,+37.655779E+00
-321.120E-03,+38.298995E+00
-318.620E-03,+37.816583E+00
-316.120E-03,+37.655779E+00
-313.620E-03,+37.816583E+00
-311.120E-03,+37.655779E+00
-308.620E-03,+36.851759E+00
-306.120E-03,+37.494975E+00
-303.620E-03,+36.851759E+00
-301.120E-03,+36.851759E+00
-298.620E-03,+36.851759E+00
-296.120E-03,+36.851759E+00
-293.620E-03,+36.208543E+00
-291.120E-03,+36.851759E+00
-288.620E-03,+37.655779E+00
-286.120E-03,+37.655779E+00
-283.620E-03,+37.494975E+00
-281.120E-03,+38.298995E+00
-278.620E-03,+37.012563E+00
-276.120E-03,+38.138191E+00
-273.620E-03,+37.494975E+00
-271.120E-03,+37.655779E+00
-268.620E-03,+37.816583E+00
-266.120E-03,+37.494975E+00
-263.620E-03,+37.655779E+00
-261.120E-03,+37.655779E+00
-258.620E-03,+37.655779E+00
-256.120E-03,+37.012563E+00
-253.620E-03,+36.851759E+00
-251.120E-03,+37.655779E+00
-248.620E-03,+37.655779E+00
-246.120E-03,+37.655779E+00
-243.620E-03,+37.655779E+00
-241.120E-03,+37.655779E+00
-238.620E-03,+37.012563E+00
-236.120E-03,+37.655779E+00
-233.620E-03,+37.012563E+00
-231.120E-03,+37.655779E+00
-228.620E-03,+37.655779E+00
-226.120E-03,+37.655779E+00
-223.620E-03,+37.655779E+00
-221.120E-03,+36.851759E+00
-218.620E-03,+38.138191E+00
-216.120E-03,+38.298995E+00
-213.620E-03,+37.012563E+00
-211.120E-03,+37.655779E+00
-208.620E-03,+37.173367E+00
-206.120E-03,+38.298995E+00
-203.620E-03,+37.655779E+00
-201.120E-03,+36.851759E+00
-198.620E-03,+37.655779E+00
-196.120E-03,+36.851759E+00
-193.620E-03,+36.851759E+00
-191.120E-03,+36.690955E+00
-188.620E-03,+35.886935E+00
-186.120E-03,+35.243719E+00
-183.620E-03,+35.243719E+00
-181.120E-03,+34.600502E+00
-178.620E-03,+35.243719E+00
-176.120E-03,+35.886935E+00
-173.620E-03,+36.047739E+00
-171.120E-03,+35.886935E+00
-168.620E-03,+36.047739E+00
-166.120E-03,+37.494975E+00
-163.620E-03,+37.655779E+00
-161.120E-03,+38.459799E+00
-158.620E-03,+39.263819E+00
-156.120E-03,+40.871859E+00
-153.620E-03,+42.479899E+00
-151.120E-03,+43.283920E+00
-148.620E-03,+44.731156E+00
-146.120E-03,+46.500000E+00
-143.620E-03,+46.660804E+00
-141.120E-03,+48.912060E+00
-138.620E-03,+51.163317E+00
-136.120E-03,+51.806533E+00
-133.620E-03,+53.736181E+00
-131.120E-03,+55.344221E+00
-128.620E-03,+56.148241E+00
-126.120E-03,+57.113065E+00
-123.620E-03,+57.756281E+00
-121.120E-03,+58.399498E+00
-118.620E-03,+58.560302E+00
-116.120E-03,+58.560302E+00
-113.620E-03,+57.113065E+00
-111.120E-03,+57.595477E+00
-108.620E-03,+56.309045E+00
-106.120E-03,+54.701005E+00
-103.620E-03,+53.253769E+00
-101.120E-03,+51.484925E+00
-98.620E-03,+49.716080E+00
-96.120E-03,+48.268844E+00
-93.620E-03,+45.695980E+00
-91.120E-03,+44.087940E+00
-88.620E-03,+43.283920E+00
-86.120E-03,+40.871859E+00
-83.620E-03,+39.263819E+00
-81.120E-03,+38.459799E+00
-78.620E-03,+36.208543E+00
-76.120E-03,+35.243719E+00
-73.620E-03,+33.796482E+00
-71.120E-03,+32.188442E+00
-68.620E-03,+31.384422E+00
-66.120E-03,+31.223618E+00
-63.620E-03,+30.419598E+00
-61.120E-03,+29.776382E+00
-58.620E-03,+30.097990E+00
-56.120E-03,+29.454774E+00
-53.620E-03,+29.615578E+00
-51.120E-03,+30.419598E+00
-48.620E-03,+32.027638E+00
-46.120E-03,+32.670854E+00
-43.620E-03,+32.831658E+00
-41.120E-03,+33.635678E+00
-38.620E-03,+34.439698E+00
-36.120E-03,+35.243719E+00
-33.620E-03,+35.404523E+00
-31.120E-03,+36.047739E+00
-28.620E-03,+36.690955E+00
-26.120E-03,+36.208543E+00
-23.620E-03,+37.012563E+00
-21.120E-03,+37.494975E+00
-18.620E-03,+37.012563E+00
-16.120E-03,+37.816583E+00
-13.620E-03,+36.369347E+00
-11.120E-03,+37.655779E+00
-8.620E-03,+37.012563E+00
-6.120E-03,+37.494975E+00
-3.620E-03,+37.012563E+00
-1.120E-03,+37.816583E+00
+1.380E-03,+37.012563E+00
+3.880E-03,+37.012563E+00
+6.380E-03,+37.655779E+00
+8.880E-03,+37.012563E+00
+11.380E-03,+37.655779E+00
+13.880E-03,+37.655779E+00
+16.380E-03,+37.655779E+00
+18.880E-03,+37.816583E+00
+21.380E-03,+37.655779E+00
+23.880E-03,+37.655779E+00
+26.380E-03,+37.012563E+00
+28.880E-03,+37.655779E+00
+31.380E-03,+37.655779E+00
+33.880E-03,+37.816583E+00
+36.380E-03,+37.494975E+00
+38.880E-03,+37.655779E+00
+41.380E-03,+37.655779E+00
+43.880E-03,+37.494975E+00
+46.380E-03,+37.655779E+00
+48.880E-03,+37.655779E+00
+51.380E-03,+37.655779E+00
+53.880E-03,+37.655779E+00
+56.380E-03,+37.012563E+00
+58.880E-03,+37.012563E+00
+61.380E-03,+37.816583E+00
+63.880E-03,+37.012563E+00
+66.380E-03,+37.655779E+00
+68.880E-03,+37.655779E+00
+71.380E-03,+36.851759E+00
+73.880E-03,+37.012563E+00
+76.380E-03,+37.655779E+00
+78.880E-03,+36.851759E+00
+81.380E-03,+37.655779E+00
+83.880E-03,+37.494975E+00
+86.380E-03,+37.655779E+00
+88.880E-03,+37.655779E+00
+91.380E-03,+38.138191E+00
+93.880E-03,+37.655779E+00
+96.380E-03,+37.655779E+00
+98.880E-03,+38.138191E+00
+101.380E-03,+37.655779E+00
+103.880E-03,+37.012563E+00
+106.380E-03,+37.012563E+00
+108.880E-03,+37.655779E+00
+111.380E-03,+38.298995E+00
+113.880E-03,+37.655779E+00
+116.380E-03,+38.298995E+00
+118.880E-03,+37.655779E+00
+121.380E-03,+37.655779E+00
+123.880E-03,+37.655779E+00
+126.380E-03,+36.851759E+00
+128.880E-03,+36.851759E+00
+131.380E-03,+36.851759E+00
+133.880E-03,+36.208543E+00
+136.380E-03,+36.851759E+00
+138.880E-03,+36.690955E+00
+141.380E-03,+36.047739E+00
+143.880E-03,+36.851759E+00
+146.380E-03,+36.208543E+00
+148.880E-03,+36.851759E+00
+151.380E-03,+36.851759E+00
+153.880E-03,+36.851759E+00
+156.380E-03,+36.851759E+00
+158.880E-03,+37.494975E+00
+161.380E-03,+36.690955E+00
+163.880E-03,+36.851759E+00
+166.380E-03,+36.851759E+00
+168.880E-03,+37.012563E+00
+171.380E-03,+37.012563E+00
+173.880E-03,+36.851759E+00
+176.380E-03,+36.690955E+00
+178.880E-03,+36.851759E+00
+181.380E-03,+37.816583E+00
+183.880E-03,+37.655779E+00
+186.380E-03,+37.655779E+00
+188.880E-03,+37.655779E+00
+191.380E-03,+37.655779E+00
+193.880E-03,+37.494975E+00
+196.380E-03,+37.816583E+00
+198.880E-03,+37.655779E+00
+201.380E-03,+36.851759E+00
+203.880E-03,+37.655779E+00
+206.380E-03,+37.655779E+00
+208.880E-03,+38.298995E+00
+211.380E-03,+37.816583E+00
+213.880E-03,+37.816583E+00
+216.380E-03,+37.655779E+00
+218.880E-03,+37.816583E+00
+221.380E-03,+38.298995E+00
+223.880E-03,+38.298995E+00
+226.380E-03,+38.298995E+00
+228.880E-03,+38.459799E+00
+231.380E-03,+38.459799E+00
+233.880E-03,+37.816583E+00
+236.380E-03,+38.620603E+00
+238.880E-03,+39.103015E+00
+241.380E-03,+39.263819E+00
+243.880E-03,+39.263819E+00
+246.380E-03,+38.620603E+00
+248.880E-03,+38.459799E+00
+251.380E-03,+38.459799E+00
+253.880E-03,+39.103015E+00
+256.380E-03,+39.263819E+00
+258.880E-03,+38.459799E+00
+261.380E-03,+39.103015E+00
+263.880E-03,+39.907035E+00
+266.380E-03,+39.424623E+00
+268.880E-03,+39.263819E+00
+271.380E-03,+40.067839E+00
+273.880E-03,+40.067839E+00
+276.380E-03,+40.228643E+00
+278.880E-03,+40.067839E+00
+281.380E-03,+40.067839E+00
+283.880E-03,+40.711055E+00
+286.380E-03,+40.871859E+00
+288.880E-03,+40.871859E+00
+291.380E-03,+41.032663E+00
+293.880E-03,+40.871859E+00
+296.380E-03,+40.067839E+00
+298.880E-03,+40.711055E+00
+301.380E-03,+40.711055E+00
+303.880E-03,+40.711055E+00
+306.380E-03,+41.515075E+00
+308.880E-03,+40.871859E+00
+311.380E-03,+40.871859E+00
+313.880E-03,+41.032663E+00
+316.380E-03,+41.675879E+00
+318.880E-03,+41.836683E+00
+321.380E-03,+41.675879E+00
+323.880E-03,+42.479899E+00
+326.380E-03,+41.836683E+00
+328.880E-03,+42.479899E+00
+331.380E-03,+41.836683E+00
+333.880E-03,+43.283920E+00
+336.380E-03,+42.640703E+00
+338.880E-03,+43.123116E+00
+341.380E-03,+42.479899E+00
+343.880E-03,+43.283920E+00
+346.380E-03,+43.123116E+00
+348.880E-03,+42.479899E+00
+351.380E-03,+43.123116E+00
+353.880E-03,+43.283920E+00
+356.380E-03,+43.283920E+00
+358.880E-03,+43.283920E+00
+361.380E-03,+43.283920E+00
+363.880E-03,+43.283920E+00
+366.380E-03,+43.283920E+00
+368.880E-03,+43.444724E+00
+371.380E-03,+43.283920E+00
+373.880E-03,+43.927136E+00
+376.380E-03,+43.444724E+00
+378.880E-03,+43.283920E+00
+381.380E-03,+43.283920E+00
+383.880E-03,+44.087940E+00
+386.380E-03,+43.444724E+00
+388.880E-03,+43.444724E+00
+391.380E-03,+43.927136E+00
+393.880E-03,+44.087940E+00
+396.380E-03,+43.283920E+00
+398.880E-03,+44.087940E+00
+401.380E-03,+43.927136E+00
+403.880E-03,+43.444724E+00
+406.380E-03,+44.087940E+00
+408.880E-03,+43.444724E+00
+411.380E-03,+43.123116E+00
+413.880E-03,+43.283920E+00
+416.380E-03,+43.444724E+00
+418.880E-03,+42.479899E+00
+421.380E-03,+43.283920E+00
+423.880E-03,+42.640703E+00
+426.380E-03,+43.123116E+00
+428.880E-03,+42.479899E+00
+431.380E-03,+42.640703E+00
+433.880E-03,+43.283920E+00
+436.380E-03,+43.283920E+00
+438.880E-03,+42.640703E+00
+441.380E-03,+43.123116E+00
+443.880E-03,+42.479899E+00
+446.380E-03,+41.675879E+00
+448.880E-03,+41.675879E+00
+451.380E-03,+41.515075E+00
+453.880E-03,+41.515075E+00
+456.380E-03,+40.871859E+00
+458.880E-03,+40.871859E+00
+461.380E-03,+41.675879E+00
+463.880E-03,+41.515075E+00
+466.380E-03,+40.871859E+00
+468.880E-03,+40.871859E+00
+471.380E-03,+40.067839E+00
+473.880E-03,+40.067839E+00
+476.380E-03,+40.067839E+00
+478.880E-03,+39.263819E+00
+481.380E-03,+40.067839E+00
+483.880E-03,+39.907035E+00
+486.380E-03,+39.907035E+00
+488.880E-03,+39.263819E+00
+491.380E-03,+39.907035E+00
+493.880E-03,+39.103015E+00
+496.380E-03,+39.907035E+00
+498.880E-03,+39.263819E+00
+501.380E-03,+39.103015E+00
+503.880E-03,+39.103015E+00
+506.380E-03,+39.263819E+00
+508.880E-03,+39.103015E+00
+511.380E-03,+38.459799E+00
+513.880E-03,+38.620603E+00
+516.380E-03,+38.459799E+00
+518.880E-03,+38.459799E+00
+521.380E-03,+37.816583E+00
+523.880E-03,+37.655779E+00
+526.380E-03,+37.494975E+00
+528.880E-03,+38.298995E+00
+531.380E-03,+37.816583E+00
+533.880E-03,+37.012563E+00
+536.380E-03,+37.655779E+00
+538.880E-03,+37.012563E+00
+541.380E-03,+37.012563E+00
+543.880E-03,+37.012563E+00
+546.380E-03,+37.655779E+00
+548.880E-03,+36.851759E+00
+551.380E-03,+36.208543E+00
+553.880E-03,+36.851759E+00
+556.380E-03,+36.208543E+00
+558.880E-03,+36.851759E+00
+561.380E-03,+36.851759E+00
+563.880E-03,+37.012563E+00
+566.380E-03,+37.494975E+00
+568.880E-03,+37.494975E+00
+571.380E-03,+37.012563E+00
+573.880E-03,+37.012563E+00
+576.380E-03,+38.138191E+00
+578.880E-03,+37.655779E+00
+581.380E-03,+37.012563E+00
+583.880E-03,+36.851759E+00
+586.380E-03,+36.690955E+00
+588.880E-03,+36.851759E+00
+591.380E-03,+36.851759E+00
+593.880E-03,+36.208543E+00
+596.380E-03,+36.851759E+00
+598.880E-03,+36.851759E+00
+601.380E-03,+36.047739E+00
+603.880E-03,+36.851759E+00
+606.380E-03,+37.012563E+00
+608.880E-03,+36.851759E+00
+611.380E-03,+37.494975E+00
+613.880E-03,+36.851759E+00
+616.380E-03,+37.012563E+00
+618.880E-03,+36.690955E+00
+621.380E-03,+37.494975E+00
+623.880E-03,+37.494975E+00
+626.380E-03,+37.012563E+00
+628.880E-03,+36.851759E+00
+631.380E-03,+37.012563E+00
+633.880E-03,+37.494975E+00
+636.380E-03,+37.012563E+00
+638.880E-03,+36.851759E+00
+641.380E-03,+37.494975E+00
+643.880E-03,+36.851759E+00
+646.380E-03,+36.851759E+00
+648.880E-03,+37.494975E+00
+651.380E-03,+37.334171E+00
+653.880E-03,+37.655779E+00
+656.380E-03,+37.494975E+00
+658.880E-03,+37.494975E+00
+661.380E-03,+37.012563E+00
+663.880E-03,+37.012563E+00
+666.380E-03,+37.494975E+00
+668.880E-03,+37.494975E+00
+671.380E-03,+36.851759E+00
+673.880E-03,+37.012563E+00
+676.380E-03,+37.494975E+00
+678.880E-03,+37.655779E+00
+681.380E-03,+37.655779E+00
+683.880E-03,+37.494975E+00
+686.380E-03,+36.851759E+00
+688.880E-03,+37.494975E+00
+691.380E-03,+36.208543E+00
+693.880E-03,+36.851759E+00
+696.380E-03,+36.851759E+00
+698.880E-03,+36.851759E+00
+701.380E-03,+36.208543E+00
+703.880E-03,+36.690955E+00
+706.380E-03,+36.851759E+00
+708.880E-03,+36.690955E+00
+711.380E-03,+36.851759E+00
+713.880E-03,+37.494975E+00
+716.380E-03,+36.690955E+00
+718.880E-03,+37.494975E+00
+721.380E-03,+36.851759E+00
+723.880E-03,+37.494975E+00
+726.380E-03,+36.851759E+00
+728.880E-03,+36.851759E+00
+731.380E-03,+36.851759E+00
+733.880E-03,+36.851759E+00
+736.380E-03,+37.655779E+00
+738.880E-03,+36.851759E+00
+741.380E-03,+36.851759E+00
+743.880E-03,+37.655779E+00
+746.380E-03,+37.012563E+00
+748.880E-03,+37.012563E+00
+751.380E-03,+36.851759E+00
+753.880E-03,+37.494975E+00
+756.380E-03,+36.690955E+00
+758.880E-03,+36.851759E+00
+761.380E-03,+36.851759E+00
+763.880E-03,+36.208543E+00
+766.380E-03,+36.851759E+00
+768.880E-03,+36.851759E+00
+771.380E-03,+36.208543E+00
+773.880E-03,+36.208543E+00
+776.380E-03,+36.208543E+00
+778.880E-03,+36.851759E+00
+781.380E-03,+36.690955E+00
+783.880E-03,+36.851759E+00
+786.380E-03,+36.851759E+00
+788.880E-03,+36.690955E+00
+791.380E-03,+36.851759E+00
+793.880E-03,+36.851759E+00
+796.380E-03,+37.012563E+00
+798.880E-03,+36.690955E+00
+801.380E-03,+36.208543E+00
+803.880E-03,+36.208543E+00
+806.380E-03,+36.047739E+00
+808.880E-03,+36.690955E+00
+811.380E-03,+36.851759E+00
+813.880E-03,+36.851759E+00
+816.380E-03,+36.369347E+00
+818.880E-03,+36.208543E+00
+821.380E-03,+37.012563E+00
+823.880E-03,+37.655779E+00
+826.380E-03,+37.655779E+00
+828.880E-03,+36.208543E+00
+831.380E-03,+37.655779E+00
+833.880E-03,+37.655779E+00
+836.380E-03,+37.655779E+00
+838.880E-03,+37.655779E+00
+841.380E-03,+37.012563E+00
+843.880E-03,+37.655779E+00
+846.380E-03,+38.298995E+00
+848.880E-03,+37.655779E+00
+851.380E-03,+37.655779E+00
+853.880E-03,+37.655779E+00
+856.380E-03,+37.012563E+00
+858.880E-03,+37.494975E+00
+861.380E-03,+37.012563E+00
+863.880E-03,+37.655779E+00
+866.380E-03,+37.816583E+00
+868.880E-03,+37.655779E+00
+871.380E-03,+37.494975E+00
+873.880E-03,+37.655779E+00
+876.380E-03,+37.655779E+00
+878.880E-03,+37.012563E+00
+881.380E-03,+37.012563E+00
+883.880E-03,+37.012563E+00
+886.380E-03,+37.494975E+00
+888.880E-03,+37.655779E+00
+891.380E-03,+36.851759E+00
+893.880E-03,+37.012563E+00
+896.380E-03,+37.655779E+00
+898.880E-03,+36.851759E+00
+901.380E-03,+37.655779E+00
+903.880E-03,+36.851759E+00
+906.380E-03,+37.494975E+00
+908.880E-03,+37.655779E+00
+911.380E-03,+37.494975E+00
+913.880E-03,+37.012563E+00
+916.380E-03,+37.494975E+00
+918.880E-03,+36.851759E+00
+921.380E-03,+37.012563E+00
+923.880E-03,+37.494975E+00
+926.380E-03,+37.655779E+00
+928.880E-03,+36.851759E+00
+931.380E-03,+37.012563E+00
+933.880E-03,+36.851759E+00
+936.380E-03,+36.851759E+00
+938.880E-03,+36.851759E+00
+941.380E-03,+37.494975E+00
+943.880E-03,+37.494975E+00
+946.380E-03,+37.494975E+00
+948.880E-03,+37.655779E+00
+951.380E-03,+37.494975E+00
+953.880E-03,+37.494975E+00
+956.380E-03,+37.012563E+00
+958.880E-03,+37.494975E+00
+961.380E-03,+37.655779E+00
+963.880E-03,+37.012563E+00
+966.380E-03,+37.334171E+00
+968.880E-03,+36.851759E+00
+971.380E-03,+36.208543E+00
+973.880E-03,+36.851759E+00
+976.380E-03,+36.208543E+00
+978.880E-03,+36.690955E+00
+981.380E-03,+36.851759E+00
+983.880E-03,+36.851759E+00
+986.380E-03,+36.047739E+00
+988.880E-03,+36.208543E+00
+991.380E-03,+36.047739E+00
+993.880E-03,+36.851759E+00
+996.380E-03,+36.851759E+00
+998.880E-03,+36.208543E+00
+1.001380E+00,+36.047739E+00
+1.003880E+00,+36.047739E+00
+1.006380E+00,+35.886935E+00
+1.008880E+00,+36.047739E+00
+1.011380E+00,+36.208543E+00
+1.013880E+00,+36.851759E+00
+1.016380E+00,+36.047739E+00
+1.018880E+00,+36.047739E+00
+1.021380E+00,+36.690955E+00
+1.023880E+00,+36.208543E+00
+1.026380E+00,+36.851759E+00
+1.028880E+00,+36.690955E+00
+1.031380E+00,+35.886935E+00
+1.033880E+00,+36.690955E+00
+1.036380E+00,+36.208543E+00
+1.038880E+00,+36.690955E+00
+1.041380E+00,+36.047739E+00
+1.043880E+00,+36.690955E+00
+1.046380E+00,+36.047739E+00
+1.048880E+00,+36.208543E+00
+1.051380E+00,+36.047739E+00
+1.053880E+00,+36.208543E+00
+1.056380E+00,+36.208543E+00
+1.058880E+00,+36.530151E+00
+1.061380E+00,+36.047739E+00
+1.063880E+00,+36.208543E+00
+1.066380E+00,+36.690955E+00
+1.068880E+00,+36.208543E+00
+1.071380E+00,+36.047739E+00
+1.073880E+00,+36.047739E+00
+1.076380E+00,+35.886935E+00
+1.078880E+00,+36.047739E+00
+1.081380E+00,+36.690955E+00
+1.083880E+00,+36.690955E+00
+1.086380E+00,+36.208543E+00
+1.088880E+00,+36.047739E+00
+1.091380E+00,+36.047739E+00
+1.093880E+00,+36.047739E+00
+1.096380E+00,+36.047739E+00
+1.098880E+00,+35.404523E+00
+1.101380E+00,+35.404523E+00
+1.103880E+00,+36.208543E+00
+1.106380E+00,+36.047739E+00
+1.108880E+00,+36.047739E+00
+1.111380E+00,+36.047739E+00
+1.113880E+00,+36.690955E+00
+1.116380E+00,+36.047739E+00
+1.118880E+00,+36.047739E+00
+1.121380E+00,+36.047739E+00
+1.123880E+00,+36.047739E+00
+1.126380E+00,+36.047739E+00
+1.128880E+00,+36.047739E+00
+1.131380E+00,+36.851759E+00
+1.133880E+00,+36.047739E+00
+1.136380E+00,+36.047739E+00
+1.138880E+00,+36.208543E+00
+1.141380E+00,+36.851759E+00
+1.143880E+00,+36.690955E+00
+1.146380E+00,+36.047739E+00
+1.148880E+00,+36.690955E+00
+1.151380E+00,+36.047739E+00
+1.153880E+00,+36.047739E+00
+1.156380E+00,+36.690955E+00
+1.158880E+00,+36.047739E+00
+1.161380E+00,+36.208543E+00
+1.163880E+00,+36.047739E+00
+1.166380E+00,+36.690955E+00
+1.168880E+00,+37.334171E+00
+1.171380E+00,+36.047739E+00
+1.173880E+00,+35.404523E+00
+1.176380E+00,+36.047739E+00
+1.178880E+00,+36.851759E+00
+1.181380E+00,+36.369347E+00
+1.183880E+00,+36.047739E+00
+1.186380E+00,+36.047739E+00
+1.188880E+00,+35.404523E+00
+1.191380E+00,+36.047739E+00
+1.193880E+00,+35.404523E+00
+1.196380E+00,+35.886935E+00
+1.198880E+00,+36.690955E+00
+1.201380E+00,+36.047739E+00
+1.203880E+00,+36.208543E+00
+1.206380E+00,+36.047739E+00
+1.208880E+00,+36.208543E+00
+1.211380E+00,+36.208543E+00
+1.213880E+00,+36.047739E+00
+1.216380E+00,+36.851759E+00
+1.218880E+00,+36.208543E+00
+1.221380E+00,+36.851759E+00
+1.223880E+00,+36.208543E+00
+1.226380E+00,+36.047739E+00
+1.228880E+00,+36.851759E+00
+1.231380E+00,+36.208543E+00
+1.233880E+00,+36.208543E+00
+1.236380E+00,+36.047739E+00
+1.238880E+00,+36.047739E+00
+1.241380E+00,+36.851759E+00
+1.243880E+00,+36.851759E+00
+1.246380E+00,+36.851759E+00
+1.248880E+00,+37.012563E+00
+1.251380E+00,+37.494975E+00
+1.253880E+00,+36.851759E+00
+1.256380E+00,+37.655779E+00
+1.258880E+00,+37.655779E+00
+1.261380E+00,+36.851759E+00
+1.263880E+00,+37.655779E+00
+1.266380E+00,+37.012563E+00
+1.268880E+00,+36.851759E+00
+1.271380E+00,+36.851759E+00
+1.273880E+00,+37.494975E+00
+1.276380E+00,+36.851759E+00
+1.278880E+00,+37.494975E+00
+1.281380E+00,+36.851759E+00
+1.283880E+00,+36.851759E+00
+1.286380E+00,+36.851759E+00
+1.288880E+00,+37.494975E+00
+1.291380E+00,+36.208543E+00
+1.293880E+00,+36.851759E+00
+1.296380E+00,+36.369347E+00
+1.298880E+00,+37.012563E+00
+1.301380E+00,+37.494975E+00
+1.303880E+00,+37.816583E+00
+1.306380E+00,+37.655779E+00
+1.308880E+00,+37.655779E+00
+1.311380E+00,+37.494975E+00
+1.313880E+00,+38.298995E+00
+1.316380E+00,+38.459799E+00
+1.318880E+00,+38.459799E+00
+1.321380E+00,+39.103015E+00
+1.323880E+00,+39.103015E+00
+1.326380E+00,+39.103015E+00
+1.328880E+00,+39.263819E+00
+1.331380E+00,+38.459799E+00
+1.333880E+00,+38.781407E+00
+1.336380E+00,+39.263819E+00
+1.338880E+00,+39.263819E+00
+1.341380E+00,+39.424623E+00
+1.343880E+00,+39.424623E+00
+1.346380E+00,+40.228643E+00
+1.348880E+00,+40.067839E+00
+1.351380E+00,+40.067839E+00
+1.353880E+00,+40.067839E+00
+1.356380E+00,+40.711055E+00
+1.358880E+00,+40.711055E+00
+1.361380E+00,+40.871859E+00
+1.363880E+00,+40.228643E+00
+1.366380E+00,+40.711055E+00
+1.368880E+00,+40.871859E+00
+1.371380E+00,+41.032663E+00
+1.373880E+00,+40.871859E+00
+1.376380E+00,+40.871859E+00
+1.378880E+00,+41.515075E+00
+1.381380E+00,+40.711055E+00
+1.383880E+00,+40.871859E+00
+1.386380E+00,+40.711055E+00
+1.388880E+00,+40.228643E+00
+1.391380E+00,+40.067839E+00
+1.393880E+00,+40.228643E+00
+1.396380E+00,+39.263819E+00
+1.398880E+00,+40.067839E+00
+1.401380E+00,+39.907035E+00
+1.403880E+00,+39.263819E+00
+1.406380E+00,+38.620603E+00
+1.408880E+00,+38.620603E+00
+1.411380E+00,+38.620603E+00
+1.413880E+00,+39.263819E+00
+1.416380E+00,+39.263819E+00
+1.418880E+00,+38.620603E+00
+1.421380E+00,+38.459799E+00
+1.423880E+00,+37.816583E+00
+1.426380E+00,+37.655779E+00
+1.428880E+00,+37.173367E+00
+1.431380E+00,+37.655779E+00
+1.433880E+00,+37.494975E+00
+1.436380E+00,+37.494975E+00
+1.438880E+00,+37.655779E+00
+1.441380E+00,+36.851759E+00
+1.443880E+00,+37.494975E+00
+1.446380E+00,+36.851759E+00
+1.448880E+00,+36.851759E+00
+1.451380E+00,+36.851759E+00
+1.453880E+00,+36.690955E+00
+1.456380E+00,+36.851759E+00
+1.458880E+00,+37.012563E+00
+1.461380E+00,+36.851759E+00
+1.463880E+00,+37.655779E+00
+1.466380E+00,+37.494975E+00
+1.468880E+00,+37.655779E+00
+1.471380E+00,+37.655779E+00
+1.473880E+00,+37.494975E+00
+1.476380E+00,+38.298995E+00
+1.478880E+00,+38.138191E+00
+1.481380E+00,+37.655779E+00
+1.483880E+00,+37.012563E+00
+1.486380E+00,+37.655779E+00
+1.488880E+00,+37.494975E+00
+1.491380E+00,+37.655779E+00
+1.493880E+00,+37.655779E+00
+1.496380E+00,+38.298995E+00
+1.498880E+00,+37.494975E+00
+1.501380E+00,+37.816583E+00
+1.503880E+00,+37.655779E+00
+1.506380E+00,+37.655779E+00
+1.508880E+00,+38.298995E+00
+1.511380E+00,+37.012563E+00
+1.513880E+00,+37.494975E+00
+1.516380E+00,+37.012563E+00
+1.518880E+00,+37.655779E+00
+1.521380E+00,+37.655779E+00
+1.523880E+00,+37.655779E+00
+1.526380E+00,+37.655779E+00
+1.528880E+00,+36.851759E+00
+1.531380E+00,+37.655779E+00
+1.533880E+00,+37.173367E+00
+1.536380E+00,+37.655779E+00
+1.538880E+00,+38.138191E+00
+1.541380E+00,+37.655779E+00
+1.543880E+00,+37.655779E+00
+1.546380E+00,+37.655779E+00
+1.548880E+00,+36.851759E+00
+1.551380E+00,+36.208543E+00
+1.553880E+00,+36.208543E+00
+1.556380E+00,+36.690955E+00
+1.558880E+00,+35.404523E+00
+1.561380E+00,+35.243719E+00
+1.563880E+00,+35.082914E+00
+1.566380E+00,+35.082914E+00
+1.568880E+00,+35.243719E+00
+1.571380E+00,+35.886935E+00
+1.573880E+00,+35.886935E+00
+1.576380E+00,+36.047739E+00
+1.578880E+00,+36.690955E+00
+1.581380E+00,+36.851759E+00
+1.583880E+00,+37.012563E+00
+1.586380E+00,+38.459799E+00
+1.588880E+00,+39.907035E+00
+1.591380E+00,+40.228643E+00
+1.593880E+00,+42.319095E+00
+1.596380E+00,+42.640703E+00
+1.598880E+00,+44.731156E+00
+1.601380E+00,+45.695980E+00
+1.603880E+00,+46.500000E+00
+1.606380E+00,+48.268844E+00
+1.608880E+00,+50.520101E+00
+1.611380E+00,+51.324121E+00
+1.613880E+00,+53.736181E+00
+1.616380E+00,+54.540201E+00
+1.618880E+00,+55.344221E+00
+1.621380E+00,+56.952261E+00
+1.623880E+00,+57.595477E+00
+1.626380E+00,+58.399498E+00
+1.628880E+00,+58.399498E+00
+1.631380E+00,+58.721106E+00
+1.633880E+00,+57.756281E+00
+1.636380E+00,+56.952261E+00
+1.638880E+00,+56.952261E+00
+1.641380E+00,+55.826633E+00
+1.643880E+00,+54.379397E+00
+1.646380E+00,+51.484925E+00
+1.648880E+00,+49.716080E+00
+1.651380E+00,+47.464824E+00
+1.653880E+00,+45.856784E+00
+1.656380E+00,+44.248744E+00
+1.658880E+00,+43.283920E+00
+1.661380E+00,+41.032663E+00
+1.663880E+00,+40.067839E+00
+1.666380E+00,+38.459799E+00
+1.668880E+00,+36.369347E+00
+1.671380E+00,+35.404523E+00
+1.673880E+00,+33.796482E+00
+1.676380E+00,+32.831658E+00
+1.678880E+00,+31.223618E+00
+1.681380E+00,+31.223618E+00
+1.683880E+00,+30.419598E+00
+1.686380E+00,+30.258794E+00
+1.688880E+00,+30.097990E+00
+1.691380E+00,+29.454774E+00
+1.693880E+00,+28.811558E+00
+1.696380E+00,+31.062814E+00
+1.698880E+00,+32.027638E+00
+1.701380E+00,+32.027638E+00
+1.703880E+00,+33.474874E+00
+1.706380E+00,+34.439698E+00
+1.708880E+00,+34.439698E+00
+1.711380E+00,+35.243719E+00
+1.713880E+00,+35.243719E+00
+1.716380E+00,+35.886935E+00
+1.718880E+00,+36.208543E+00
+1.721380E+00,+37.494975E+00
+1.723880E+00,+36.851759E+00
+1.726380E+00,+37.655779E+00
+1.728880E+00,+37.494975E+00
+1.731380E+00,+37.655779E+00
+1.733880E+00,+37.012563E+00
+1.736380E+00,+37.816583E+00
+1.738880E+00,+37.494975E+00
+1.741380E+00,+37.655779E+00
+1.743880E+00,+37.494975E+00
+1.746380E+00,+37.655779E+00
+1.748880E+00,+37.655779E+00
+1.751380E+00,+37.655779E+00
+1.753880E+00,+37.655779E+00
+1.756380E+00,+37.816583E+00
+1.758880E+00,+37.655779E+00
+1.761380E+00,+37.494975E+00
+1.763880E+00,+38.138191E+00
+1.766380E+00,+37.655779E+00
+1.768880E+00,+37.173367E+00
+1.771380E+00,+37.494975E+00
+1.773880E+00,+37.655779E+00
+1.776380E+00,+37.655779E+00
+1.778880E+00,+37.816583E+00
+1.781380E+00,+37.012563E+00
+1.783880E+00,+38.298995E+00
+1.786380E+00,+37.655779E+00
+1.788880E+00,+37.494975E+00
+1.791380E+00,+37.012563E+00
+1.793880E+00,+37.012563E+00
+1.796380E+00,+37.655779E+00
+1.798880E+00,+37.816583E+00
+1.801380E+00,+37.655779E+00
+1.803880E+00,+37.012563E+00
+1.806380E+00,+37.655779E+00
+1.808880E+00,+37.655779E+00
+1.811380E+00,+37.655779E+00
+1.813880E+00,+37.012563E+00
+1.816380E+00,+37.655779E+00
+1.818880E+00,+37.494975E+00
+1.821380E+00,+37.494975E+00
+1.823880E+00,+37.655779E+00
+1.826380E+00,+37.655779E+00
+1.828880E+00,+37.655779E+00
+1.831380E+00,+37.655779E+00
+1.833880E+00,+37.494975E+00
+1.836380E+00,+37.655779E+00
+1.838880E+00,+36.851759E+00
+1.841380E+00,+37.655779E+00
+1.843880E+00,+37.494975E+00
+1.846380E+00,+38.298995E+00
+1.848880E+00,+37.655779E+00
+1.851380E+00,+37.655779E+00
+1.853880E+00,+37.012563E+00
+1.856380E+00,+37.655779E+00
+1.858880E+00,+37.655779E+00
+1.861380E+00,+37.012563E+00
+1.863880E+00,+37.012563E+00
+1.866380E+00,+37.173367E+00
+1.868880E+00,+37.655779E+00
+1.871380E+00,+37.494975E+00
+1.873880E+00,+36.851759E+00
+1.876380E+00,+36.851759E+00
+1.878880E+00,+36.690955E+00
+1.881380E+00,+37.494975E+00
+1.883880E+00,+36.851759E+00
+1.886380E+00,+36.690955E+00
+1.888880E+00,+36.851759E+00
+1.891380E+00,+36.851759E+00
+1.893880E+00,+36.851759E+00
+1.896380E+00,+36.851759E+00
+1.898880E+00,+36.851759E+00
+1.901380E+00,+37.012563E+00
+1.903880E+00,+36.690955E+00
+1.906380E+00,+36.851759E+00
+1.908880E+00,+36.369347E+00
+1.911380E+00,+36.851759E+00
+1.913880E+00,+37.012563E+00
+1.916380E+00,+36.851759E+00
+1.918880E+00,+36.851759E+00
+1.921380E+00,+37.012563E+00
+1.923880E+00,+37.655779E+00
+1.926380E+00,+37.655779E+00
+1.928880E+00,+37.012563E+00
+1.931380E+00,+38.298995E+00
+1.933880E+00,+37.655779E+00
+1.936380E+00,+37.816583E+00
+1.938880E+00,+37.494975E+00
+1.941380E+00,+37.816583E+00
+1.943880E+00,+37.655779E+00
+1.946380E+00,+38.298995E+00
+1.948880E+00,+37.816583E+00
+1.951380E+00,+38.459799E+00
+1.953880E+00,+37.816583E+00
+1.956380E+00,+38.459799E+00
+1.958880E+00,+38.459799E+00
+1.961380E+00,+37.816583E+00
+1.963880E+00,+38.459799E+00
+1.966380E+00,+38.459799E+00
+1.968880E+00,+38.459799E+00
+1.971380E+00,+38.459799E+00
+1.973880E+00,+39.103015E+00
+1.976380E+00,+39.103015E+00
+1.978880E+00,+39.103015E+00
+1.981380E+00,+38.459799E+00
+1.983880E+00,+39.263819E+00
+1.986380E+00,+38.620603E+00
+1.988880E+00,+39.103015E+00
+1.991380E+00,+39.424623E+00
+1.993880E+00,+39.263819E+00
+1.996380E+00,+39.103015E+00
+1.998880E+00,+39.103015E+00
+2.001380E+00,+39.263819E+00
+2.003880E+00,+38.620603E+00
+2.006380E+00,+38.459799E+00
+2.008880E+00,+39.263819E+00
+2.011380E+00,+39.263819E+00
+2.013880E+00,+38.620603E+00
+2.016380E+00,+40.067839E+00
+2.018880E+00,+40.067839E+00
+2.021380E+00,+39.263819E+00
+2.023880E+00,+40.067839E+00
+2.026380E+00,+40.067839E+00
+2.028880E+00,+40.871859E+00
+2.031380E+00,+40.711055E+00
+2.033880E+00,+40.228643E+00
+2.036380E+00,+41.032663E+00
+2.038880E+00,+40.871859E+00
+2.041380E+00,+40.871859E+00
+2.043880E+00,+40.711055E+00
+2.046380E+00,+40.711055E+00
+2.048880E+00,+40.711055E+00
+2.051380E+00,+40.871859E+00
+2.053880E+00,+40.711055E+00
+2.056380E+00,+40.871859E+00
+2.058880E+00,+41.032663E+00
+2.061380E+00,+41.032663E+00
+2.063880E+00,+41.675879E+00
+2.066380E+00,+41.675879E+00
+2.068880E+00,+41.515075E+00
+2.071380E+00,+41.675879E+00
+2.073880E+00,+42.479899E+00
+2.076380E+00,+41.836683E+00
+2.078880E+00,+43.123116E+00
+2.081380E+00,+43.283920E+00
+2.083880E+00,+43.283920E+00
+2.086380E+00,+41.836683E+00
+2.088880E+00,+43.123116E+00
+2.091380E+00,+42.479899E+00
+2.093880E+00,+42.640703E+00
+2.096380E+00,+42.640703E+00
+2.098880E+00,+42.640703E+00
+2.101380E+00,+43.283920E+00
+2.103880E+00,+43.283920E+00
+2.106380E+00,+43.283920E+00
+2.108880E+00,+43.283920E+00
+2.111380E+00,+43.444724E+00
+2.113880E+00,+43.123116E+00
+2.116380E+00,+43.283920E+00
+2.118880E+00,+43.605528E+00
+2.121380E+00,+43.444724E+00
+2.123880E+00,+44.087940E+00
+2.126380E+00,+43.283920E+00
+2.128880E+00,+44.087940E+00
+2.131380E+00,+43.927136E+00
+2.133880E+00,+43.283920E+00
+2.136380E+00,+44.087940E+00
+2.138880E+00,+43.283920E+00
+2.141380E+00,+43.283920E+00
+2.143880E+00,+44.570352E+00
+2.146380E+00,+43.283920E+00
+2.148880E+00,+43.927136E+00
+2.151380E+00,+44.087940E+00
+2.153880E+00,+43.927136E+00
+2.156380E+00,+43.927136E+00
+2.158880E+00,+43.927136E+00
+2.161380E+00,+43.927136E+00
+2.163880E+00,+43.283920E+00
+2.166380E+00,+43.123116E+00
+2.168880E+00,+43.123116E+00
+2.171380E+00,+42.640703E+00
+2.173880E+00,+42.479899E+00
+2.176380E+00,+43.123116E+00
+2.178880E+00,+43.283920E+00
+2.181380E+00,+43.283920E+00
+2.183880E+00,+43.123116E+00
+2.186380E+00,+42.479899E+00
+2.188880E+00,+42.479899E+00
+2.191380E+00,+41.675879E+00
+2.193880E+00,+41.836683E+00
+2.196380E+00,+41.675879E+00
+2.198880E+00,+41.675879E+00
+2.201380E+00,+41.032663E+00
+2.203880E+00,+41.032663E+00
+2.206380E+00,+40.871859E+00
+2.208880E+00,+40.228643E+00
+2.211380E+00,+41.515075E+00
+2.213880E+00,+40.871859E+00
+2.216380E+00,+40.711055E+00
+2.218880E+00,+40.067839E+00
+2.221380E+00,+40.228643E+00
+2.223880E+00,+40.067839E+00
+2.226380E+00,+39.907035E+00
+2.228880E+00,+39.907035E+00
+2.231380E+00,+39.263819E+00
+2.233880E+00,+39.263819E+00
+2.236380E+00,+39.263819E+00
+2.238880E+00,+38.459799E+00
+2.241380E+00,+38.781407E+00
+2.243880E+00,+39.263819E+00
+2.246380E+00,+39.263819E+00
+2.248880E+00,+39.103015E+00
+2.251380E+00,+38.620603E+00
+2.253880E+00,+39.263819E+00
+2.256380E+00,+39.103015E+00
+2.258880E+00,+37.977387E+00
+2.261380E+00,+38.459799E+00
+2.263880E+00,+38.459799E+00
+2.266380E+00,+38.459799E+00
+2.268880E+00,+37.816583E+00
+2.271380E+00,+38.298995E+00
+2.273880E+00,+37.816583E+00
+2.276380E+00,+37.655779E+00
+2.278880E+00,+37.655779E+00
+2.281380E+00,+37.012563E+00
+2.283880E+00,+38.298995E+00
+2.286380E+00,+37.494975E+00
+2.288880E+00,+37.655779E+00
+2.291380E+00,+37.655779E+00
+2.293880E+00,+36.851759E+00
+2.296380E+00,+37.012563E+00
+2.298880E+00,+37.012563E+00
+2.301380E+00,+36.208543E+00
+2.303880E+00,+36.851759E+00
+2.306380E+00,+36.851759E+00
+2.308880E+00,+36.851759E+00
+2.311380E+00,+37.494975E+00
+2.313880E+00,+37.494975E+00
+2.316380E+00,+37.494975E+00
+2.318880E+00,+37.012563E+00
+2.321380E+00,+37.012563E+00
+2.323880E+00,+36.851759E+00
+2.326380E+00,+37.655779E+00
+2.328880E+00,+37.334171E+00
+2.331380E+00,+36.851759E+00
+2.333880E+00,+36.851759E+00
+2.336380E+00,+36.047739E+00
+2.338880E+00,+36.208543E+00
+2.341380E+00,+37.494975E+00
+2.343880E+00,+37.494975E+00
+2.346380E+00,+36.851759E+00
+2.348880E+00,+36.851759E+00
+2.351380E+00,+37.334171E+00
+2.353880E+00,+36.851759E+00
+2.356380E+00,+37.655779E+00
+2.358880E+00,+36.851759E+00
+2.361380E+00,+36.851759E+00
+2.363880E+00,+36.851759E+00
+2.366380E+00,+37.655779E+00
+2.368880E+00,+36.851759E+00
+2.371380E+00,+37.655779E+00
+2.373880E+00,+37.494975E+00
+2.376380E+00,+37.655779E+00
+2.378880E+00,+37.655779E+00
+2.381380E+00,+37.655779E+00
+2.383880E+00,+37.655779E+00
+2.386380E+00,+36.369347E+00
+2.388880E+00,+37.012563E+00
+2.391380E+00,+37.494975E+00
+2.393880E+00,+37.655779E+00
+2.396380E+00,+37.494975E+00
+2.398880E+00,+36.851759E+00
+2.401380E+00,+37.655779E+00
+2.403880E+00,+37.655779E+00
+2.406380E+00,+36.851759E+00
+2.408880E+00,+37.655779E+00
+2.411380E+00,+37.494975E+00
+2.413880E+00,+36.851759E+00
+2.416380E+00,+36.851759E+00
+2.418880E+00,+37.655779E+00
+2.421380E+00,+37.655779E+00
+2.423880E+00,+38.138191E+00
+2.426380E+00,+37.655779E+00
+2.428880E+00,+37.012563E+00
+2.431380E+00,+36.851759E+00
+2.433880E+00,+37.012563E+00
+2.436380E+00,+36.851759E+00
+2.438880E+00,+37.494975E+00
+2.441380E+00,+37.655779E+00
+2.443880E+00,+37.012563E+00
+2.446380E+00,+37.012563E+00
+2.448880E+00,+36.851759E+00
+2.451380E+00,+36.851759E+00
+2.453880E+00,+36.851759E+00
+2.456380E+00,+37.012563E+00
+2.458880E+00,+37.494975E+00
+2.461380E+00,+36.208543E+00
+2.463880E+00,+37.012563E+00
+2.466380E+00,+36.851759E+00
+2.468880E+00,+37.012563E+00
+2.471380E+00,+36.851759E+00
+2.473880E+00,+37.494975E+00
+2.476380E+00,+36.369347E+00
+2.478880E+00,+37.494975E+00
+2.481380E+00,+37.012563E+00
+2.483880E+00,+36.851759E+00
+2.486380E+00,+36.851759E+00
+2.488880E+00,+37.012563E+00
+2.491380E+00,+37.494975E+00
+2.493880E+00,+36.851759E+00
+2.496380E+00,+37.012563E+00
+2.498880E+00,+36.851759E+00
